{
  "accuracy": 0.8911764705882353,
  "precision": 0.8556149732620321,
  "recall": 0.9411764705882353,
  "f1": 0.8963585434173669,
  "precision_at_10": 1.0,
  "precision_at_50": 0.96,
  "latency_ms": 0.2322409999990782,
  "positive_edges": 170,
  "negative_edges": 170,
  "model": "semantic_similarity_baseline"
}